n,threads,time_v1,time_v2,time_v3,speedup_v3_v1,speedup_v3_v2,length,states_v1,states_v2,states_v3,valid
10,1,0.10843,0.10203,0.08703,1.246,1.172,55,3934978,1038424,2047294,OK
11,1,2.28278,2.24550,1.67814,1.360,1.338,72,69449709,18024013,35871727,OK
12,1,18.49640,17.49914,13.26804,1.394,1.319,85,545517694,132819791,264788672,OK
12,1,18.29940,17.32952,13.03081,1.404,1.330,85,545517694,132819791,264788672,OK
12,2,8.07619,7.67959,6.00336,1.345,1.279,85,467348638,111352436,221448520,OK
12,4,5.21965,3.79884,3.51875,1.483,1.080,85,513733268,122826051,245813046,OK
12,8,3.47534,2.70690,2.29283,1.516,1.181,85,601020080,153696975,295785930,OK
